﻿"Sample Name:","Measurement Start Date And time"
"CNCs 2%","21/05/2025 16:26:34"

"Name","Mean","Standard Deviation","RSD","Minimum","Maximum"
"Z-Average (nm)","213.87","0","0","213.87","213.87"
"Polydispersity Index (PI)","1","0","0","1","1"
"Peak 1 Mean by Intensity ordered by area (nm)","1811.833","0","0","1811.833","1811.833"
"Peak 1 Area by Intensity ordered by area (%)","67.031","0","0","67.031","67.031"
"Peak 2 Mean by Intensity ordered by area (nm)","242.187","0","0","242.187","242.187"
"Peak 2 Area by Intensity ordered by area (%)","14.926","0","0","14.926","14.926"
