﻿"Sample Name:","Measurement Start Date And time"
"CNCs 1%","21/05/2025 16:21:13"

"Name","Mean","Standard Deviation","RSD","Minimum","Maximum"
"Z-Average (nm)","127.145","0","0","127.145","127.145"
"Polydispersity Index (PI)","1","0","0","1","1"
"Peak 1 Mean by Intensity ordered by area (nm)","875.317","0","0","875.317","875.317"
"Peak 1 Area by Intensity ordered by area (%)","62.625","0","0","62.625","62.625"
"Peak 2 Mean by Intensity ordered by area (nm)","112.531","0","0","112.531","112.531"
"Peak 2 Area by Intensity ordered by area (%)","26.139","0","0","26.139","26.139"
