﻿"Sample Name:","Measurement Start Date And time"
"CNCs 0.5%","21/05/2025 16:16:18"

"Name","Mean","Standard Deviation","RSD","Minimum","Maximum"
"Z-Average (nm)","133.531","0","0","133.531","133.531"
"Polydispersity Index (PI)","0.594","0","0","0.594","0.594"
"Peak 1 Mean by Intensity ordered by area (nm)","322.994","0","0","322.994","322.994"
"Peak 1 Area by Intensity ordered by area (%)","77.425","0","0","77.425","77.425"
"Peak 2 Mean by Intensity ordered by area (nm)","54.022","0","0","54.022","54.022"
"Peak 2 Area by Intensity ordered by area (%)","22.575","0","0","22.575","22.575"
