﻿"Sample Name:","Measurement Start Date And time"
"InGell 30% 25 C","21/05/2025 13:21:22"

"Name","Mean","Standard Deviation","RSD","Minimum","Maximum"
"Z-Average (nm)","466.829","0","0","466.829","466.829"
"Polydispersity Index (PI)","0.486","0","0","0.486","0.486"
"Peak 1 Mean by Intensity ordered by area (nm)","84.422","0","0","84.422","84.422"
"Peak 1 Area by Intensity ordered by area (%)","58.286","0","0","58.286","58.286"
"Peak 2 Mean by Intensity ordered by area (nm)","19.118","0","0","19.118","19.118"
"Peak 2 Area by Intensity ordered by area (%)","36.428","0","0","36.428","36.428"
