﻿"Sample Name:","Measurement Start Date And time"
"InGell 30% 35 C","21/05/2025 13:32:40"

"Name","Mean","Standard Deviation","RSD","Minimum","Maximum"
"Z-Average (nm)","543.645","0","0","543.645","543.645"
"Polydispersity Index (PI)","0.531","0","0","0.531","0.531"
"Peak 1 Mean by Intensity ordered by area (nm)","190.802","0","0","190.802","190.802"
"Peak 1 Area by Intensity ordered by area (%)","52.814","0","0","52.814","52.814"
"Peak 2 Mean by Intensity ordered by area (nm)","42.064","0","0","42.064","42.064"
"Peak 2 Area by Intensity ordered by area (%)","40.838","0","0","40.838","40.838"
