﻿"Sample Name:","Measurement Start Date And time"
"InGell 30% 30 C","21/05/2025 13:26:00"

"Name","Mean","Standard Deviation","RSD","Minimum","Maximum"
"Z-Average (nm)","551.936","0","0","551.936","551.936"
"Polydispersity Index (PI)","0.5","0","0","0.5","0.5"
"Peak 1 Mean by Intensity ordered by area (nm)","98.683","0","0","98.683","98.683"
"Peak 1 Area by Intensity ordered by area (%)","58.21","0","0","58.21","58.21"
"Peak 2 Mean by Intensity ordered by area (nm)","24.785","0","0","24.785","24.785"
"Peak 2 Area by Intensity ordered by area (%)","35.734","0","0","35.734","35.734"
