﻿"Sample Name:","Measurement Start Date And time"
"InGell 30% 40 C","21/05/2025 13:38:51"

"Name","Mean","Standard Deviation","RSD","Minimum","Maximum"
"Z-Average (nm)","860.36","0","0","860.36","860.36"
"Polydispersity Index (PI)","0.584","0","0","0.584","0.584"
"Peak 1 Mean by Intensity ordered by area (nm)","233.427","0","0","233.427","233.427"
"Peak 1 Area by Intensity ordered by area (%)","61.084","0","0","61.084","61.084"
"Peak 2 Mean by Intensity ordered by area (nm)","45.105","0","0","45.105","45.105"
"Peak 2 Area by Intensity ordered by area (%)","31.593","0","0","31.593","31.593"
