﻿"Sample Name:","Measurement Start Date And time"
"Kinga Gelatin 1%","21/05/2025 12:38:25"

"Name","Mean","Standard Deviation","RSD","Minimum","Maximum"
"Z-Average (nm)","107.997","0","0","107.997","107.997"
"Polydispersity Index (PI)","1","0","0","1","1"
"Peak 1 Mean by Intensity ordered by area (nm)","1764.61","0","0","1764.61","1764.61"
"Peak 1 Area by Intensity ordered by area (%)","59.775","0","0","59.775","59.775"
"Peak 2 Mean by Intensity ordered by area (nm)","116.689","0","0","116.689","116.689"
"Peak 2 Area by Intensity ordered by area (%)","15.796","0","0","15.796","15.796"
