﻿"Sample Name:","Measurement Start Date And time"
"Kinga InGell 30% + Gelatin 1%","21/05/2025 15:10:59"

"Name","Mean","Standard Deviation","RSD","Minimum","Maximum"
"Z-Average (nm)","2047.056","0","0","2047.056","2047.056"
"Polydispersity Index (PI)","1","0","0","1","1"
"Peak 1 Mean by Intensity ordered by area (nm)","127.835","0","0","127.835","127.835"
"Peak 1 Area by Intensity ordered by area (%)","66.355","0","0","66.355","66.355"
"Peak 2 Mean by Intensity ordered by area (nm)","17.253","0","0","17.253","17.253"
"Peak 2 Area by Intensity ordered by area (%)","17.111","0","0","17.111","17.111"
